{
  "project_info": {
    "project_number": "1089099373272",
    "project_id": "dwello-b3d97",
    "storage_bucket": "dwello-b3d97.appspot.com"
  },
  "client": [
    {
      "client_info": {
        "mobilesdk_app_id": "1:1089099373272:android:4499cbf8970bc8979195ad",
        "android_client_info": {
          "package_name": "com.example.dwello"
        }
      },
      "oauth_client": [],
      "api_key": [
        {
          "current_key": "AIzaSyDxOsYtM78AxFrsYhdTZVM6RZY-I8iHu_w"
        }
      ],
      "services": {
        "appinvite_service": {
          "other_platform_oauth_client": []
        }
      }
    }
  ],
  "configuration_version": "1"
}